{
  "project_info": {
    "project_number": "593977359795",
    "project_id": "attendance-88ff1",
    "storage_bucket": "attendance-88ff1.appspot.com"
  },
  "client": [
    {
      "client_info": {
        "mobilesdk_app_id": "1:593977359795:android:7e67369b5c582a02929fc6",
        "android_client_info": {
          "package_name": "com.example.attendance"
        }
      },
      "oauth_client": [],
      "api_key": [
        {
          "current_key": "AIzaSyBnTHiwtrXa8uCnCcQAKH9ioaI9spz3UTI"
        }
      ],
      "services": {
        "appinvite_service": {
          "other_platform_oauth_client": []
        }
      }
    }
  ],
  "configuration_version": "1"
}